,experiment88,experiment127,experiment125,experiment126,experiment128,experiment129
experiment88,,0.49,0.61,0.52,0.42,0.52
experiment127,0.51,,0.56,0.52,0.54,0.56
experiment125,0.39,0.44,,0.3399999999999999,0.38,0.53
experiment126,0.48,0.48,0.66,,0.4499999999999999,0.51
experiment128,0.58,0.46,0.62,0.55,,0.45999999999999996
experiment129,0.48,0.44,0.47,0.49,0.54,
